filename,loss,acc
test2018.csv,0.6700678249895573,0.7795944358110428
SPOT-2016.csv,0.8948367603745334,0.7038103346684436
SPOT-2016-HQ.csv,0.7995325147600497,0.7336454101538255
SPOT-2018.csv,0.8735177833450972,0.7135152291968792
SPOT-2018-HQ.csv,0.8155794726610184,0.7260974249839782
