filename,loss,acc
test2018.csv,0.6732650009989738,0.7792087844610214
SPOT-2016.csv,0.9017817980160295,0.6988802901763173
test2018.csv,0.6726072795689106,0.7823881357908249
SPOT-2016.csv,0.9066400552030656,0.7007923299283578
SPOT-2016-HQ.csv,0.8096169618226714,0.7302155988701319
SPOT-2018.csv,0.8856080356631836,0.7118055568940013
SPOT-2018-HQ.csv,0.8289832835197448,0.7217460894584655
