filename,loss,acc
CASP12_HHblits.csv,0.873529064655304,0.7134776055812836
CB513_HHblits.csv,0.721837521036777,0.7607039149026815
NEW364.csv,0.7306403937739331,0.759460660127493
TS115_HHblits.csv,0.6513309651094934,0.7906303773755613
