filename,loss,acc
CASP12_HHblits.csv,0.9001897424459457,0.7155497342348098
CB513_HHblits.csv,0.7285132526826485,0.759287622401859
NEW364.csv,0.7401651803117532,0.7566652281189358
TS115_HHblits.csv,0.6575472689193228,0.7878075545248778
